Work	Realizacje
Offer	Oferta
Team	Zespół
Partners	Partnerzy
Studio ↗	Studio ↗
Let’s talk	Porozmawiajmy
Shalik Visual home	Shalik Visual — strona główna
Main navigation	Menu główne
HAVE SOMETHING IN MIND?	MASZ POMYSŁ?
LET’S MAKE IT HAPPEN	ZRÓBMY TO RAZEM
Let’s create.	Twórzmy razem.
A brief, a question, or an idea on a napkin.	Brief, pytanie albo pomysł zapisany na serwetce.
Every great production starts with a conversation.	Każda dobra produkcja zaczyna się od rozmowy.
INDEPENDENT MINDS. MOVING IMAGES.	NIEZALEŻNE UMYSŁY. PORUSZAJĄCE OBRAZY.
BACK TO TOP ↑	WRÓĆ NA GÓRĘ ↑
INDEPENDENT PRODUCTION HOUSE	NIEZALEŻNY DOM PRODUKCYJNY
FILM. SOUND. FEELING.	FILM. DŹWIĘK. EMOCJE.
MAKE IT	TWÓRZMY
MEAN SOMETHING.	Z SENSEM.
We turn ideas into images that stay with you.	Zmieniamy pomysły w obrazy, które zostają w pamięci.
From the first spark to the final cut.	Od pierwszej inspiracji po ostatnie cięcie.
Ⅱ Pause reel	Ⅱ Zatrzymaj
▶ Play reel	▶ Odtwórz
Sound on ↗	Dźwięk włączony
Sound off ↗	Dźwięk wyłączony
SCROLL TO EXPLORE ↓	ZOBACZ WIĘCEJ ↓
01 / IN FRAME	01 / W KADRZE
A GLIMPSE OF OUR WORLD	FRAGMENT NASZEGO ŚWIATA
Images with	Obrazy, które
something to say.	mają coś do powiedzenia.
A few moments from our showreel.	Kilka ujęć z naszego showreela.
Different stories. The same curiosity.	Różne historie. Ta sama ciekawość.
SELECTED MOMENTS	WYBRANE UJĘCIA
Frame from the Shalik Visual production showreel, excerpt 	Kadr z showreela Shalik Visual, fragment 
CLIENTS & PARTNERS	KLIENCI I PARTNERZY
Meet our partners ↗	Poznaj naszych partnerów ↗
Good company.	Dobre towarzystwo.
Great possibilities.	Wielkie możliwości.
Ideas become stronger when the right people come together.	Pomysły zyskują siłę, gdy spotykają się właściwi ludzie.
02 / OUR OFFER	02 / NASZA OFERTA
FROM FIRST IDEA TO FINAL DELIVERY	OD PIERWSZEGO POMYSŁU PO GOTOWY MATERIAŁ
Your next project.	Twój kolejny projekt.
Our creative expertise.	Nasza kreatywność i doświadczenie.
Launch a product. Tell a story. Start a conversation.	Wprowadź produkt. Opowiedz historię. Rozpocznij rozmowę.
Find the production service that fits your goal.	Wybierz usługę dopasowaną do swojego celu.
Nine creatives. One team to bring your production together.	Dziewięć kreatywnych osób. Jeden zespół, który zadba o Twoją produkcję.
Meet our team ↗	Poznaj nasz zespół ↗
03 / ROOM FOR YOUR NEXT IDEA	03 / MIEJSCE NA TWÓJ KOLEJNY POMYSŁ
Your vision.	Twoja wizja.
Our space.	Nasza przestrzeń.
A place to bring your production to life.	Miejsce, w którym Twoja produkcja nabierze życia.
Explore the Shalik Visual studio and talk to us about your next session.	Poznaj studio Shalik Visual i porozmawiajmy o Twojej kolejnej sesji.
Explore the studio	Poznaj studio
Commercials	Filmy reklamowe
Short films	Filmy krótkometrażowe
Documentaries	Filmy dokumentalne
Podcasts & videocasts	Podcasty i wideocasty
Photography	Fotografia
Editing & post-production	Montaż i postprodukcja
Event films	Filmy z wydarzeń
Give your brand a story worth watching.	Opowiedz historię marki, którą warto zobaczyć.
Campaign films and social content that turn your message into a clear reason to choose you.	Filmy kampanijne i treści do mediów społecznościowych, które pokazują, dlaczego warto wybrać Twoją markę.
For brands launching a product, explaining an offer or building a distinctive presence.	Dla marek, które wprowadzają produkt, prezentują ofertę lub chcą się wyróżnić.
Creative concept, script and storyboard	Koncepcja kreatywna, scenariusz i storyboard
Production planning, crew and shoot coordination	Planowanie produkcji oraz koordynacja ekipy i zdjęć
Filming with an agreed lighting and sound setup	Zdjęcia z ustalonym oświetleniem i realizacją dźwięku
Editing, colour grading and sound finishing	Montaż, korekcja barwna i postprodukcja dźwięku
Master film and agreed social cutdowns	Film główny i uzgodnione skróty do mediów społecznościowych
Concept complexity, shoot days, locations, casting, music licences and the number of versions.	Złożoność koncepcji, liczba dni zdjęciowych, lokalizacje, casting, licencje muzyczne i liczba wersji.
A product launch needs one clear message across a website and social campaign.	Premiera produktu wymaga spójnego przekazu na stronie internetowej i w kampanii społecznościowej.
Build a story around the product in use, plan the hero shots and capture additional material for shorter edits.	Budujemy historię wokół produktu w użyciu, planujemy kluczowe ujęcia i nagrywamy dodatkowy materiał do krótszych wersji.
An illustrative scope: one 30-second hero film, three short cutdowns and vertical adaptations.	Przykładowy zakres: jeden 30-sekundowy film główny, trzy krótkie wersje i adaptacje pionowe.
Define the audience, campaign goal and channels.	Określamy odbiorców, cel kampanii i kanały komunikacji.
Approve the concept, script, production plan and budget.	Wspólnie zatwierdzamy koncepcję, scenariusz, plan produkcji i budżet.
Capture the campaign with the agreed crew and creative direction.	Realizujemy zdjęcia z ustaloną ekipą, zgodnie z przyjętą koncepcją.
Review the edit together, refine the message and deliver channel-ready files.	Wspólnie omawiamy montaż, dopracowujemy przekaz i dostarczamy pliki do wybranych kanałów.
A story that deserves the screen.	Historia, która zasługuje na ekran.
Narrative filmmaking with a clear creative direction, from script development to the final film.	Kino fabularne ze spójną wizją — od pracy nad scenariuszem po gotowy film.
For creators, organisations and brands with a story that needs more room to unfold.	Dla twórców, organizacji i marek, których historie potrzebują więcej przestrzeni.
Script development and creative direction	Rozwój scenariusza i kierunek artystyczny
Production planning and scheduling	Planowanie produkcji i harmonogramu
Casting and location coordination as agreed	Casting i koordynacja lokalizacji w uzgodnionym zakresie
Camera, lighting and sound production	Realizacja obrazu, oświetlenia i dźwięku
Editing, colour and sound finishing	Montaż, kolor i postprodukcja dźwięku
Script length, cast, locations, shoot days, art direction and post-production requirements.	Długość scenariusza, obsada, lokalizacje, dni zdjęciowe, scenografia i zakres postprodukcji.
An organisation wants to communicate a human story through a short narrative film.	Organizacja chce opowiedzieć ludzką historię w krótkim filmie fabularnym.
Develop a focused script around one character, then build the production around the key emotional moments.	Tworzymy scenariusz skupiony na jednym bohaterze i planujemy produkcję wokół najważniejszych emocji.
An illustrative scope: a finished short film, a trailer and subtitled viewing copies.	Przykładowy zakres: gotowy krótki film, zwiastun i wersje z napisami.
Explore the story, intended audience and release plans.	Poznajemy historię, odbiorców i plany dystrybucji.
Develop the script and agree the production scope.	Rozwijamy scenariusz i ustalamy zakres produkcji.
Bring the scenes to life with the cast and crew.	Wspólnie z obsadą i ekipą przenosimy sceny na ekran.
Shape the edit, complete sound and colour, and prepare agreed delivery formats.	Dopracowujemy montaż, dźwięk i kolor oraz przygotowujemy ustalone formaty.
Real people. Stories that matter.	Prawdziwi ludzie. Ważne historie.
Interview-led and observational films that give people, ideas and places the attention they deserve.	Filmy oparte na wywiadach i obserwacji, które oddają głos ludziom oraz przybliżają idee i miejsca.
For organisations, cultural projects and people with a real story to share.	Dla organizacji, projektów kulturalnych i ludzi, którzy chcą podzielić się prawdziwą historią.
Research and editorial development	Dokumentacja i opracowanie koncepcji
Interview planning and production logistics	Planowanie wywiadów i logistyka produkcji
Interviews and observational filming	Realizacja wywiadów i zdjęć obserwacyjnych
Story editing and sound finishing	Montaż narracyjny i postprodukcja dźwięku
Colour grading and agreed subtitles	Korekcja barwna i uzgodnione napisy
Research needs, access, travel, filming days, archive licensing and final running time.	Zakres dokumentacji, dostęp do bohaterów i miejsc, podróże, dni zdjęciowe, licencje archiwalne i długość filmu.
A community project wants to document the people behind its work.	Projekt społeczny chce pokazać ludzi stojących za jego działaniami.
Combine personal interviews with everyday activity to show the project through the people involved.	Łączymy osobiste rozmowy z obserwacją codziennych działań, pokazując projekt oczami jego uczestników.
An illustrative scope: a short documentary, a teaser and a subtitled version.	Przykładowy zakres: krótki dokument, zapowiedź i wersja z napisami.
Identify the story, contributors and intended audience.	Określamy temat, bohaterów i odbiorców filmu.
Plan access, interviews, permissions and filming.	Planujemy dostęp do miejsc, wywiady, zgody i zdjęcia.
Record interviews and the details that bring the story to life.	Nagrywamy rozmowy i detale, które ożywiają opowieść.
Build the narrative, review factual details and finish the film.	Budujemy narrację, sprawdzamy fakty i dopracowujemy film.
Make room for a better conversation.	Zrób miejsce na dobrą rozmowę.
Audio and video production that lets you focus on your guests and the conversation.	Produkcja audio i wideo, dzięki której możesz skupić się na gościach i rozmowie.
For experts, brands and teams developing an interview series or a recurring show.	Dla ekspertów, marek i zespołów tworzących cykl wywiadów lub regularny program.
Format and episode planning	Planowanie formatu i odcinków
Recording setup and session coordination	Przygotowanie nagrania i koordynacja sesji
Audio recording and video capture as agreed	Realizacja dźwięku i obrazu w uzgodnionym zakresie
Episode editing and audio cleanup	Montaż odcinka i czyszczenie dźwięku
Agreed episode exports and promotional clips	Uzgodnione wersje odcinka i klipy promocyjne
Episode length, guest count, camera setup, recording location and clip volume.	Długość odcinka, liczba gości i kamer, miejsce nagrania oraz liczba klipów.
An expert wants to launch a regular interview series.	Ekspert chce rozpocząć regularny cykl wywiadów.
Define a repeatable format, plan the recording setup and record episodes with consistent sound and visuals.	Tworzymy powtarzalny format, planujemy ustawienie nagrania i dbamy o spójny obraz oraz dźwięk kolejnych odcinków.
An illustrative scope: a full video episode, an audio version and three short promotional clips.	Przykładowy zakres: pełny odcinek wideo, wersja audio i trzy krótkie klipy promocyjne.
Agree the audience, format, episode length and channels.	Ustalamy odbiorców, format, długość odcinka i kanały publikacji.
Plan the guests, set, recording schedule and technical setup.	Planujemy gości, scenografię, harmonogram i zaplecze techniczne.
Record the conversation with production support.	Nagrywamy rozmowę ze wsparciem ekipy produkcyjnej.
Edit the episode and prepare the agreed audio, video and clips.	Montujemy odcinek i przygotowujemy uzgodnione pliki audio, wideo i klipy.
Still images. Lasting impressions.	Zatrzymane chwile. Trwałe wrażenia.
Photography for brands, people and products, shaped around where your images will be seen.	Fotografia marek, ludzi i produktów dopasowana do miejsc, w których pokażesz swoje zdjęcia.
For businesses refreshing a website, launching products or building a consistent visual identity.	Dla firm odświeżających stronę internetową, wprowadzających produkty lub budujących spójny wizerunek.
Creative direction and visual references	Koncepcja wizualna i inspiracje
Shot list and session planning	Lista ujęć i planowanie sesji
Photography session with agreed lighting	Sesja fotograficzna z uzgodnionym oświetleniem
Image selection and retouching	Selekcja i retusz zdjęć
High-resolution and web-ready exports	Pliki w wysokiej rozdzielczości i wersje internetowe
Session duration, location, styling, image count, retouching complexity and usage rights.	Czas sesji, lokalizacja, stylizacja, liczba zdjęć, zakres retuszu i prawa do wykorzystania.
A business needs a consistent set of portraits and brand images for a new website.	Firma potrzebuje spójnych portretów i zdjęć wizerunkowych na nową stronę internetową.
Agree a visual direction and shot list, then photograph the people and details that communicate the brand.	Ustalamy kierunek wizualny i listę ujęć, a następnie fotografujemy ludzi i detale, które budują wizerunek marki.
An illustrative scope: selected retouched portraits and brand photographs in web and print formats.	Przykładowy zakres: wybrane portrety i zdjęcia wizerunkowe po retuszu, w formatach do internetu i druku.
Define image use, visual references and the shot list.	Określamy zastosowanie zdjęć, inspiracje wizualne i listę ujęć.
Agree the location, schedule, styling and usage terms.	Ustalamy miejsce, harmonogram, stylizację i warunki wykorzystania zdjęć.
Photograph the planned scenes and select the strongest images.	Realizujemy zaplanowane ujęcia i wybieramy najlepsze zdjęcia.
Retouch the agreed selection and deliver the required sizes.	Retuszujemy wybrane zdjęcia i dostarczamy je w potrzebnych rozmiarach.
Find the story in your footage.	Wydobądź historię ze swojego materiału.
Turn recorded material into a finished piece with purposeful editing, colour and sound.	Zmieniamy nagrania w gotowy materiał dzięki przemyślanemu montażowi, kolorowi i dźwiękowi.
For teams with existing footage that need a coherent film or a fresh set of content.	Dla zespołów, które mają już nagrania i potrzebują spójnego filmu lub nowych treści.
Footage review and edit planning	Przegląd materiału i planowanie montażu
Story assembly and picture editing	Budowanie narracji i montaż obrazu
Colour correction and grading as agreed	Korekcja i stylizacja barwna w uzgodnionym zakresie
Audio cleanup and sound finishing	Czyszczenie i postprodukcja dźwięku
Agreed titles, subtitles and delivery versions	Uzgodnione plansze, napisy i wersje końcowe
Footage volume, source quality, finished duration, graphics, versions and review rounds.	Ilość i jakość materiału, długość filmu, grafiki, liczba wersji i rund poprawek.
A team has filmed an interview and supporting footage but needs a clear final story.	Zespół nagrał wywiad i dodatkowe ujęcia, ale potrzebuje spójnej opowieści.
Identify the strongest message, structure the interview and use supporting shots to make the story flow.	Wybieramy najważniejszy przekaz, porządkujemy wywiad i uzupełniamy go ujęciami, które nadają historii rytm.
An illustrative scope: one finished interview film, a short cutdown and a subtitled version.	Przykładowy zakres: gotowy film z wywiadu, krótka wersja i wersja z napisami.
Review the footage, brief and delivery requirements.	Analizujemy materiał, brief i wymagania dotyczące plików końcowych.
Agree the edit structure, scope and review schedule.	Ustalamy strukturę montażu, zakres prac i terminy konsultacji.
Share a first cut and gather consolidated feedback.	Prezentujemy pierwszy montaż i zbieramy uporządkowane uwagi.
Complete agreed revisions, sound and colour before final exports.	Wprowadzamy uzgodnione poprawki, dopracowujemy dźwięk i kolor, a następnie eksportujemy gotowe pliki.
Keep the moment moving.	Niech wydarzenie żyje dalej.
Event coverage that captures the atmosphere and gives your audience something to revisit and share.	Relacje, które oddają atmosferę wydarzenia i zachęcają odbiorców do powrotu oraz udostępniania.
For conferences, launches, performances and company events.	Na konferencje, premiery, występy i wydarzenia firmowe.
Coverage plan and key-moment schedule	Plan relacji i harmonogram najważniejszych momentów
Camera and sound planning	Planowanie obrazu i dźwięku
On-site filming with an agreed crew	Realizacja zdjęć na miejscu z uzgodnioną ekipą
Highlight edit and sound finishing	Montaż skrótu wydarzenia i postprodukcja dźwięku
Agreed social clips or session recordings	Uzgodnione klipy społecznościowe lub nagrania wystąpień
Event duration, crew size, stages, sound access, travel, turnaround and deliverable count.	Czas wydarzenia, wielkość ekipy, liczba scen, dostęp do dźwięku, dojazd, termin realizacji i liczba materiałów.
An organiser wants a film that captures an event and supports promotion of the next edition.	Organizator potrzebuje filmu, który podsumuje wydarzenie i pomoże promować kolejną edycję.
Plan coverage around key moments, audience reactions and short contributor interviews.	Planujemy relację wokół kluczowych momentów, reakcji publiczności i krótkich rozmów z uczestnikami.
An illustrative scope: a highlight film and short social edits; full talks can be quoted separately.	Przykładowy zakres: film podsumowujący i krótkie wersje do mediów społecznościowych; pełne wystąpienia można wycenić osobno.
Share the event schedule, locations and intended uses.	Poznajemy harmonogram, lokalizacje i planowane zastosowanie materiałów.
Agree coverage priorities, crew, audio access and delivery timing.	Ustalamy priorytety relacji, ekipę, dostęp do dźwięku i terminy oddania materiałów.
Capture the key moments and atmosphere on site.	Rejestrujemy najważniejsze momenty i atmosferę wydarzenia.
Review the highlight edit and receive the agreed final films.	Wspólnie omawiamy montaż i przekazujemy uzgodnione filmy.
← ALL SERVICES	← WSZYSTKIE USŁUGI
Discuss your project ↗	Porozmawiajmy o projekcie ↗
On this page	Na tej stronie
What’s included	Zakres usługi
Our work	Nasze realizacje
The process	Przebieg współpracy
Pricing	Cennik
Example case study	Przykładowy projekt
01 / THE SCOPE	01 / ZAKRES USŁUGI
What we can	Czym możemy
 take care of.	się zająć.
take care of.	się zająć.
Build the right scope for your project. Your quote confirms the final deliverables, schedule and included review rounds.	Dopasujemy zakres prac do Twojego projektu. Wycena określi materiały końcowe, harmonogram i liczbę rund poprawek.
02 / OUR WORK	02 / NASZE REALIZACJE
A feel for our craft.	Zobacz, jak tworzymy.
Explore our production showreel.	Obejrzyj nasz showreel.
For examples relevant to your brief, get in touch.	Napisz do nas, aby zobaczyć realizacje odpowiadające Twojemu briefowi.
Shalik Visual production showreel	Showreel produkcyjny Shalik Visual
Shalik Visual / Production showreel	Shalik Visual / Showreel produkcyjny
Request relevant work ↗	Zapytaj o podobne realizacje ↗
03 / HOW WE WORK TOGETHER	03 / JAK WSPÓŁPRACUJEMY
From your brief	Od Twojego briefu
 to the final delivery.	po gotowy materiał.
to the final delivery.	po gotowy materiał.
Start with a conversation	Zaczynamy od rozmowy
Agree the plan	Ustalamy plan
Create together	Tworzymy razem
Review & deliver	Dopracowujemy i oddajemy
04 / PRICING	04 / CENNIK
A clear scope.	Jasny zakres.
A tailored quote.	Indywidualna wycena.
Every project has different production needs. Send us your brief and budget range so we can propose a scope that fits.	Każdy projekt ma inne potrzeby. Prześlij brief i orientacyjny budżet, a zaproponujemy odpowiedni zakres prac.
Price on request	Wycena indywidualna
What shapes the budget	Co wpływa na budżet
Before production starts	Zanim rozpoczniemy produkcję
We agree deliverables, usage rights, schedule, review rounds and any additional costs in the quote.	W wycenie ustalamy materiały końcowe, prawa do wykorzystania, harmonogram, rundy poprawek i ewentualne koszty dodatkowe.
Get a project quote ↗	Poproś o wycenę projektu ↗
05 / EXAMPLE CASE STUDY	05 / PRZYKŁADOWY PROJEKT
How it could	Tak może wyglądać
come together.	nasza współpraca.
Illustrative project scenario.	Przykładowy scenariusz projektu.
Not a completed client project or a results claim.	To ilustracja zakresu, a nie zrealizowany projekt ani deklaracja wyników.
The brief	Brief
The approach	Podejście
The deliverables	Materiały końcowe
EXPLORE OTHER SERVICES	POZNAJ POZOSTAŁE USŁUGI
Service not found	Nie znaleziono usługi
SHALIK VISUAL / THE STUDIO	SHALIK VISUAL / STUDIO
SPACE TO	PRZESTRZEŃ
MAKE IT REAL.	DLA TWOICH IDEI.
Your next shoot starts here. Tell us what you want to create, and we’ll help plan a studio session around your production.	Tutaj zaczyna się Twoja kolejna sesja. Powiedz, co chcesz stworzyć, a pomożemy zaplanować pracę w studiu pod potrzeby Twojej produkcji.
Enquire about the studio	Zapytaj o studio
01 / PLAN YOUR PRODUCTION	01 / ZAPLANUJ PRODUKCJĘ
A space.	Jedna przestrzeń.
Many possibilities.	Wiele możliwości.
Photography, film, podcasts and videocasts.	Fotografia, film, podcasty i wideocasty.
Let’s find the right setup for your idea.	Znajdźmy odpowiednie warunki dla Twojego pomysłu.
Location	Lokalizacja
Contact us for the studio address, access information and directions.	Skontaktuj się z nami, aby otrzymać adres studia i informacje o dojeździe oraz dostępie.
Space & floor plan	Przestrzeń i plan studia
Ask for the floor area, dimensions and layout to check your set requirements.	Zapytaj o powierzchnię, wymiary i układ studia, aby sprawdzić możliwości realizacji swojej scenografii.
Lighting & equipment	Oświetlenie i wyposażenie
Share your lighting needs and we’ll confirm the available kit and any additional rental requirements.	Opisz swoje potrzeby oświetleniowe, a potwierdzimy dostępny sprzęt i ewentualny dodatkowy wynajem.
Take a closer look	Zobacz więcej
For current studio photos and a floor plan,	Aby otrzymać aktualne zdjęcia i plan studia,
get in touch ↗	napisz do nas ↗
02 / OFFERS & PRICING	02 / OFERTA I CENNIK
Built around	Dopasowane do
 your production.	Twojej produkcji.
your production.	Twojej produkcji.
Tell us your preferred date, session length, crew size and equipment needs. We’ll confirm availability and send a tailored quote.	Podaj preferowany termin, czas sesji, wielkość ekipy i potrzebny sprzęt. Potwierdzimy dostępność i przygotujemy wycenę.
Studio rental	Wynajem studia
Bring your team and enquire about a space for your session.	Przyjdź ze swoją ekipą i zapytaj o przestrzeń na sesję.
Studio + production	Studio z realizacją
Talk to us about filming, photography, lighting and production support.	Porozmawiajmy o filmowaniu, fotografii, oświetleniu i wsparciu produkcyjnym.
Plan your recording and discuss editing and final delivery.	Zaplanuj nagranie i ustal z nami zakres montażu oraz materiały końcowe.
PRICE ON REQUEST	WYCENA INDYWIDUALNA
Request a quote ↗	Poproś o wycenę ↗
Our Team — Shalik Visual	Nasz zespół — Shalik Visual
Meet the nine creatives behind Shalik Visual, an independent film and visual production team.	Poznaj dziewięć kreatywnych osób tworzących Shalik Visual — niezależny zespół produkcji filmowej i wizualnej.
Director	Reżyseria
Camera operator	Zdjęcia filmowe
Editor	Montaż
Producer	Produkcja
Makeup artist	Charakteryzacja
Project manager	Zarządzanie projektami
Photographer	Fotografia
SHALIK VISUAL / OUR TEAM	SHALIK VISUAL / NASZ ZESPÓŁ
09 PEOPLE. ONE SHARED VISION.	09 OSÓB. JEDNA WSPÓLNA WIZJA.
INDEPENDENT MINDS.	NIEZALEŻNE UMYSŁY.
SHARED VISION.	WSPÓLNA WIZJA.
We’re a team of nine creatives bringing different skills and perspectives to every production—from the first idea to the final cut.	Jesteśmy zespołem dziewięciu kreatywnych osób. Łączymy różne umiejętności i perspektywy w każdej produkcji — od pierwszego pomysłu po ostatnie cięcie.
The people behind the picture.	Ludzie stojący za obrazem.
MEET SHALIK VISUAL	POZNAJ SHALIK VISUAL
Team profiles are being prepared. Names, portraits and personal introductions will be added soon.	Przygotowujemy profile zespołu. Wkrótce dodamy imiona, portrety i krótkie opisy.
PORTRAIT COMING SOON	PORTRET WKRÓTCE
Name to be added	Imię i nazwisko wkrótce
Role to be confirmed	Rola do potwierdzenia
Personal introduction coming soon.	Krótki opis wkrótce.
Partners & Clients — Shalik Visual	Partnerzy i klienci — Shalik Visual
Meet the organisations we work with and explore creative collaboration with Shalik Visual.	Poznaj organizacje, z którymi współpracujemy, i możliwości twórczej współpracy z Shalik Visual.
SHALIK VISUAL / PARTNERS & CLIENTS	SHALIK VISUAL / PARTNERZY I KLIENCI
GREAT WORK	WIELKIE RZECZY
STARTS TOGETHER.	TWORZYMY RAZEM.
Every production begins with a shared ambition. We bring our creative team, your perspective and the right expertise together to make something bigger than any of us could create alone.	Każda produkcja zaczyna się od wspólnej ambicji. Łączymy nasz kreatywny zespół, Twoją perspektywę i odpowiednie kompetencje, aby tworzyć więcej, niż moglibyśmy osiągnąć osobno.
Let’s work together ↗	Pracujmy razem ↗
THE PEOPLE ON THE OTHER SIDE OF THE BRIEF	LUDZIE PO DRUGIEJ STRONIE BRIEFU
Who we work with.	Z kim współpracujemy.
Relationships built around ideas,	Relacje oparte na pomysłach,
collaboration and trust.	współpracy i zaufaniu.
A SHARED WAY OF WORKING	WSPÓLNE PODEJŚCIE DO PRACY
Your ambition.	Twoja ambicja.
Our commitment.	Nasze zaangażowanie.
Whether you bring a complete brief or the beginning of an idea, we make room for your perspective throughout the production.	Niezależnie od tego, czy masz gotowy brief, czy dopiero zalążek pomysłu, Twoja perspektywa jest z nami na każdym etapie produkcji.
Understand the goal	Rozumiemy cel
We start with your audience, your message and what the project needs to achieve.	Zaczynamy od Twoich odbiorców, przekazu i celu, który ma osiągnąć projekt.
Build the right team	Dobieramy zespół
We bring creative direction, production and post-production together around the brief.	Łączymy kreację, produkcję i postprodukcję wokół Twojego briefu.
Keep the conversation open	Rozmawiamy na bieżąco
We agree the scope, share progress and make decisions together from planning to final delivery.	Ustalamy zakres, dzielimy się postępami i wspólnie podejmujemy decyzje — od planowania po oddanie materiałów.
THERE’S ROOM FOR YOUR NEXT IDEA	JEST MIEJSCE NA TWÓJ KOLEJNY POMYSŁ
Let’s make something	Stwórzmy razem
big together.	coś wielkiego.
Brands, agencies, creative teams and independent specialists—if you see an opportunity to create together, we’d love to hear it.	Marki, agencje, zespoły kreatywne i niezależni specjaliści — jeśli widzisz możliwość wspólnego działania, chętnie o niej porozmawiamy.
Start a collaboration ↗	Rozpocznij współpracę ↗
Music videos	Teledyski
Your sound. A visual world.	Twoje brzmienie. Twój wizualny świat.
Music videos built around your track, your identity and the story you want to tell.	Teledyski tworzone wokół Twojego utworu, Twojej tożsamości i historii, którą chcesz opowiedzieć.
For artists, bands and labels preparing a new release.	Dla artystów, zespołów i wytwórni przygotowujących nową premierę.
Creative concept and visual references	Koncepcja kreatywna i inspiracje wizualne
Script, shot list and production planning	Scenariusz, lista ujęć i planowanie produkcji
Filming with an agreed camera and lighting setup	Zdjęcia z uzgodnionym zestawem kamerowym i oświetleniem
Editing to the track, colour grading and finishing	Montaż do muzyki, korekcja kolorów i finalizacja
Final music video and agreed promotional cuts	Gotowy teledysk i uzgodnione skróty promocyjne
Concept, locations, cast, shoot days, set design, effects and promotional versions.	Koncepcja, lokacje, obsada, dni zdjęciowe, scenografia, efekty i wersje promocyjne.
An artist wants a visual story for a new single.	Artysta potrzebuje wizualnej opowieści do nowego singla.
Develop a concept around the track, combine performance with narrative scenes and shape the edit to the music.	Opracowujemy koncepcję wokół utworu, łączymy występ ze scenami fabularnymi i dopasowujemy montaż do muzyki.
An illustrative scope: a full music video and short vertical teasers.	Przykładowy zakres: pełny teledysk i krótkie pionowe zapowiedzi.
Share the track, references, release date and budget.	Prześlij utwór, inspiracje, termin premiery i budżet.
Approve the concept, locations, production plan and quote.	Zatwierdź koncepcję, lokacje, plan produkcji i wycenę.
Film the performance and story with the agreed crew.	Realizujemy zdjęcia z uzgodnioną ekipą.
Review the edit, finish colour and deliver the agreed versions.	Omawiamy montaż, dopracowujemy kolory i przekazujemy uzgodnione wersje.
Selected work /	Wybrana realizacja /
PROJECT COMING SOON	REALIZACJA WKRÓTCE
COMING SOON	WKRÓTCE
A selection of our work is coming soon.	Wybrane realizacje pojawią się tutaj wkrótce.
Selected work. Stories brought to life.	Wybrane realizacje. Historie, które ożywają.
Music video · View case study ↗	Teledysk · Poznaj realizację ↗
A debut worth watching.	Debiut, który warto zobaczyć.
CASE STUDY / DEBUT MUSIC VIDEO	CASE STUDY / DEBIUTANCKI TELEDYSK
A first release. A lasting impression.	Pierwsza premiera. Mocne wrażenie.
Every debut is a chance to introduce a new artistic voice. For the duo Fobos, that moment was Balerina — their debut music video, brought to life over three days of professional filming across four distinct locations.	Debiut to moment, w którym nowy artystyczny głos po raz pierwszy trafia do odbiorców. Dla duetu Fobos takim momentem była „Balerina” — debiutancki teledysk, który zrealizowaliśmy podczas trzech dni profesjonalnych zdjęć w czterech różnych lokalizacjach.
Within two months of its premiere, the video had gained more than 20,000 views: a strong opening chapter for a brand-new duo and their first step into the music video world.	W ciągu dwóch miesięcy od premiery teledysk zdobył ponad 20 tysięcy wyświetleń. To mocny początek dla nowego duetu i jego pierwszego kroku w świecie teledysków.
Production	Produkcja
3 shooting days	3 dni zdjęciowe
Locations	Lokalizacje
4 locations	4 lokalizacje
Reach after 2 months	Odsłony po 2 miesiącach
20,000+ views	Ponad 20 tys. wyświetleń
Event film · View case study ↗	Film z wydarzenia · Poznaj realizację ↗
One evening. A meeting of ambition.	Jeden wieczór. Spotkanie pełne ambicji.
CASE STUDY / EVENT FILM	CASE STUDY / FILM Z WYDARZENIA
The energy of the evening. Ready to share.	Energia wieczoru, którą można pokazać światu.
Held annually in Warsaw, Business Angel of The Year by Cobin Angels is one of Poland’s major business events. It brings together 200 entrepreneurs, venture capitalists and investors to celebrate outstanding achievements, recognise leading figures in their community and make new connections.	Business Angel of The Year organizowane przez Cobin Angels to jedno z najważniejszych wydarzeń biznesowych w Polsce. Co roku w Warszawie spotyka się 200 przedsiębiorców, przedstawicieli funduszy venture capital i inwestorów, aby docenić wyjątkowe osiągnięcia, wyróżnić liderów swojego środowiska i nawiązać nowe kontakty.
We filmed the entire evening, from the first arrivals to the final moments. Our coverage captured the scale of the gathering, the programme’s highlights and the conversations that made it more than an awards ceremony — a place where business relationships begin.	Towarzyszyliśmy uczestnikom z kamerą przez cały wieczór — od przybycia pierwszych gości po ostatnie chwile wydarzenia. Pokazaliśmy skalę spotkania, najważniejsze punkty programu i rozmowy, dzięki którym gala była czymś więcej niż wręczeniem nagród: miejscem, w którym rodzą się relacje biznesowe.
Within 14 days, the finished film was ready for publication on social media and the event website. The result: a promotional film that carries the atmosphere beyond the venue and gives the organisers a way to share the event with a wider audience.	W ciągu 14 dni gotowy film był przygotowany do publikacji w mediach społecznościowych i na stronie wydarzenia. Powstał materiał promocyjny, który przenosi atmosferę wieczoru poza salę i pozwala organizatorom pokazać wydarzenie szerszej publiczności.
Audience	Uczestnicy
200 attendees	200 uczestników
Coverage	Zakres relacji
The full evening	Cały wieczór
Delivery	Realizacja
Ready in 14 days	Gotowe w 14 dni
Our studio podcast	Nasz podcast studyjny
Our original podcast.	Nasz autorski podcast.
Made in Shalik Studio.	Zrealizowany w Shalik Studio.
A conversation deserves a great setting.	Dobra rozmowa zasługuje na wyjątkową oprawę.
Original podcast recorded at Shalik Studio	Autorski podcast nagrany w Shalik Studio
CASE STUDY / OUR ORIGINAL PODCAST	CASE STUDY / NASZ AUTORSKI PODCAST
You bring the conversation.	Ty prowadzisz rozmowę.
We take care of the production.	My zajmujemy się produkcją.
Our own podcast project brings the Shalik Studio approach to life: three camera angles, professional audio and cinematic lighting, all working together to give the conversation a distinctive look and a clear, natural sound.	Nasz autorski podcast pokazuje, jak pracujemy w Shalik Studio. Trzy kąty kamerowe, profesjonalny dźwięk i filmowe oświetlenie tworzą spójną oprawę, która nadaje rozmowie wyrazisty obraz oraz czyste, naturalne brzmienie.
From the studio setup and recording to the final edit, we handled the production from beginning to end. Editing brings the camera angles together, follows the rhythm of the conversation and turns the recording into a finished episode.	Od przygotowania studia i nagrania po finalny montaż — odpowiadaliśmy za cały proces produkcji. Montaż łączy ujęcia z kamer, podąża za rytmem rozmowy i zamienia nagrany materiał w gotowy odcinek.
We offer the same complete production service to our clients. You receive an episode ready to publish, along with short reels to introduce your guests, share standout moments and promote the podcast on social media.	Taką samą kompleksową obsługę oferujemy naszym klientom. Otrzymujesz odcinek gotowy do publikacji oraz krótkie rolki, które pomogą przedstawić gości, pokazać najciekawsze momenty rozmowy i promować podcast w mediach społecznościowych.
Camera setup	Obraz
3 camera angles	3 kąty kamerowe
Studio setup	Oprawa studyjna
Sound & cinematic light	Dźwięk i filmowe światło
Final delivery	Gotowe materiały
Episode + social reels	Odcinek + rolki
Plan your podcast ↗	Zaplanuj swój podcast ↗
Interview with DJ Phinova	Wywiad z DJ Phinovą
03 / Interview with DJ Phinova	03 / Wywiad z DJ Phinovą
INTERVIEW	WYWIAD
Event case studies	Realizacje eventowe
ANOTHER EVENT. THE SAME COMMITMENT.	KOLEJNE WYDARZENIE. TO SAMO ZAANGAŻOWANIE.
CASE STUDY / CHARITY EVENT	CASE STUDY / WYDARZENIE CHARYTATYWNE
A day of community.	Dzień, który łączy ludzi.
A cause worth capturing.	Cel, który warto pokazać.
The fifth anniversary edition of Moto Piknik at Bobrowe Rozlewisko brought together nearly 600 people for a shared cause. The event raised more than PLN 100,000 for children — a powerful reminder of what a community can achieve together.	Piąta, jubileuszowa edycja Moto Pikniku na Bobrowym Rozlewisku zgromadziła niemal 600 osób wokół wspólnego celu. Podczas wydarzenia zebrano ponad 100 tysięcy złotych na pomoc dzieciom — to piękny dowód na to, jak wiele można osiągnąć razem.
Our team covered the event from morning until evening, with two camera operators and a drone operator capturing the action on the ground and the scale of the gathering from above. The finished edit was delivered within seven days, bringing a full day of activity together in one film.	Pracowaliśmy od rana do wieczora. Dwóch operatorów kamer i operator drona rejestrowali wydarzenia z bliska oraz skalę pikniku z lotu ptaka. Gotowy montaż dostarczyliśmy w ciągu siedmiu dni, zamykając cały dzień pełen atrakcji w jednym filmie.
This was our third time filming the event. The organiser chose Shalik Visual again as their sole video production team, continuing a relationship built on trust and familiarity with the event.	To już nasza trzecia realizacja tego wydarzenia. Organizator ponownie powierzył całą produkcję wideo ekipie Shalik Visual, kontynuując współpracę opartą na zaufaniu i znajomości charakteru pikniku.
Participation	Uczestnicy pikniku
Nearly 600 people	Niemal 600 osób
Raised for children	Zebrane na pomoc dzieciom
PLN 100,000+	Ponad 100 tys. zł
Edit delivery	Gotowy montaż
7 days	7 dni
Post-production · View case study ↗	Postprodukcja · Poznaj realizację ↗
A new show. A distinctive rhythm.	Nowy podcast. Wyrazisty rytm.
CASE STUDY / EDITING & POST-PRODUCTION	CASE STUDY / MONTAŻ I POSTPRODUKCJA
Two hours of conversation.	Dwie godziny rozmowy.
Shaped to hold attention.	Montaż, który angażuje.
WHAI is a new podcast on YouTube and Spotify that we helped create. This episode showcases our editing and post-production work: turning a two-hour conversation into a finished programme with a clear pace and a distinctive visual style.	WHAI to nowy podcast na YouTube i Spotify, który pomagaliśmy tworzyć. Ten odcinek pokazuje naszą pracę nad montażem i postprodukcją: przekształciliśmy dwugodzinną rozmowę w gotowy program o wyraźnym rytmie i charakterystycznej oprawie wizualnej.
We edited the full episode, highlighted standout moments and added animation to support the story. Dynamic cutting was designed to keep the conversation engaging and give viewers a reason to stay with it, while a separate trailer offered a compelling introduction to the episode.	Zmontowaliśmy cały odcinek, wyeksponowaliśmy najciekawsze momenty i dodaliśmy animacje wspierające opowieść. Dynamiczny montaż miał angażować widzów i zachęcać ich do dalszego oglądania, a osobny zwiastun stanowił atrakcyjną zapowiedź rozmowy.
The work was completed in seven days, bringing the long-form episode and its promotional trailer together into a cohesive release. It is an example of how we help a new show find its rhythm through editing.	Prace ukończyliśmy w ciągu siedmiu dni, tworząc spójną całość z pełnego odcinka i zwiastuna promocyjnego. To przykład tego, jak poprzez montaż pomagamy nowemu podcastowi odnaleźć własny rytm.
Episode length	Długość odcinka
2 hours	2 godziny
Post-production	Postprodukcja
Edit, animation & trailer	Montaż, animacje i zwiastun
Turnaround	Czas realizacji
Meet our team. More portraits and introductions are coming soon.	Poznaj nasz zespół. Kolejne portrety i sylwetki pojawią się wkrótce.
Co-founder · Cinematographer · Photographer	Współzałożyciel · Operator filmowy · Fotograf
Oleksandr brings eight years of experience in filmmaking, photography and editing to every production. Combining engineering knowledge with an artistic eye, he gives projects a distinctive visual style, balancing technical precision with a thoughtful approach to storytelling.	Oleksandr od ośmiu lat realizuje filmy, fotografuje i montuje. Łączy wiedzę inżynierską z artystycznym spojrzeniem, nadając różnorodnym projektom własny styl. Dba o techniczną precyzję i świadomie buduje obraz, w którym światło, kompozycja i rytm służą opowiadanej historii.
Co-founder and producer	Współzałożyciel i producent
Co-founder · Producer	Współzałożyciel · Producent
With eight years in project management, sales, events and workshops, he connects people and ideas. Open-minded and approachable, he finds common ground across backgrounds, builds lasting relationships and brings the right people together to turn creative plans into productions.	Od ośmiu lat zajmuje się zarządzaniem projektami, sprzedażą, organizacją wydarzeń i warsztatów. Otwarty na ludzi i nowe pomysły, łatwo znajduje wspólny język z osobami z różnych środowisk. Buduje trwałe relacje i łączy właściwych ludzi, aby zamieniać twórcze plany w realizacje.
Editor · Camera operator · Photographer · Co-founder	Montażysta · Operator kamery · Fotograf · Współzałożyciel
Aleksander is a young, ambitious camera operator and editor with a film school education in cinematography and editing. He brings a fresh perspective and creative solutions to the team, giving each project energy, a modern, visually engaging feel and a distinctive visual character.	Aleksander to młody, ambitny operator i montażysta, który ukończył szkołę filmową na kierunku sztuki operatorsko-montażowej. Wnosi do zespołu świeże spojrzenie i kreatywne rozwiązania, nadając projektom energię, nowoczesny charakter oraz autorski, wyrazisty styl wizualny.
Shalik Studio Manager · Actress · Model · Costumes	Managerka Shalik Studio · Aktorka · Modelka · Kostiumy
Natalia is an arts graduate, professional model and the face of Shalik Studio. She brings passion and commitment to managing the studio, acting and costume work, combining artistic sensitivity with creative energy on set. Away from the studio, she enjoys spending time in the saddle.	Natalia to absolwentka kierunku artystycznego, profesjonalna modelka i twarz Shalik Studio. Z pasją i zaangażowaniem zarządza studiem, występuje przed kamerą i zajmuje się kostiumami. Łączy artystyczną wrażliwość z energią na planie. Poza studiem chętnie oddaje się jeździe konnej.
3D Digital Designer · VR · AR	Projektant 3D · VR · AR
Gabriele creates 3D models, textures, rigs and animation for immersive VR, AR and XR. His work spans stereoscopy, autostereoscopy, lenticular and holographic visuals, video editing and post-production. He also composes and arranges music, and develops 3D prints and prototypes.	Gabriele tworzy modele 3D, tekstury, rigging i animacje dla VR, AR i XR. Zajmuje się również stereoskopią, autostereoskopią, obrazem lentikularnym i holograficznym, montażem oraz postprodukcją. Komponuje i aranżuje autorską muzykę, a także realizuje druk 3D i nowe prototypy.
Graphic Designer · Social Media Marketing	Graficzka · Marketing w mediach społecznościowych
Izabela combines graphic design with production management. At Shalik Studio, she handles social media and supports events and video shoots. She also runs AFEKT, creating distinctive visual identities that help brands tell their stories through cohesive, expressive design.	Izabela łączy projektowanie graficzne z organizacją produkcji. W Shalik Studio prowadzi social media, wspiera eventy i realizacje wideo. Prowadzi też autorskie studio AFEKT, tworząc spójne języki wizualne, które opowiadają historie marek i nadają im niepowtarzalny charakter.
Camera operator · Photographer · Drone operator	Operator kamery · Fotograf · Operator drona
Adam is a young, ambitious filmmaker who works behind the camera, flies drones and edits footage. He combines photography with hands-on technical support on location. Beyond production, he actively serves with the Volunteer Fire Brigade in Połomia Duża, bringing commitment to both roles.	Adam to młody, ambitny filmowiec, operator kamery i drona oraz fotograf. Zajmuje się także montażem, a w terenie wspiera ekipę od strony technicznej. Poza planem aktywnie służy w Ochotniczej Straży Pożarnej w Połomi Dużej, łącząc pasję do obrazu z zaangażowaniem w pomoc innym.
OUR CLIENTS	NASI KLIENCI
Clients &amp; Partners ↗	Klienci i partnerzy ↗
Clients &amp; Partners	Klienci i partnerzy
Trusted by.	Zaufali nam.
Meet the clients who have trusted us with their projects.	Poznaj klientów, którzy powierzyli nam swoje projekty.
OUR BUSINESS NETWORK	NASZA SIEĆ BIZNESOWA
Connections that	Relacje, które
open possibilities.	otwierają możliwości.
We are members of the PKB and BNI business clubs. These communities connect us with people, perspectives and opportunities for collaboration.	Należymy do klubów biznesowych PKB i BNI. Te społeczności pozwalają nam poznawać ludzi, wymieniać perspektywy i odkrywać możliwości współpracy.
Explore our network ↗	Poznaj naszą sieć kontaktów ↗
Business club memberships	Członkostwo w klubach biznesowych
Business club member	Członek klubu biznesowego
Clients & Partners — Shalik Visual	Klienci i partnerzy — Shalik Visual
Meet our clients, explore selected productions and discover our PKB and BNI business club memberships.	Poznaj naszych klientów, zobacz wybrane realizacje i dowiedz się o naszym członkostwie w klubach biznesowych PKB i BNI.
SHALIK VISUAL / CLIENTS &amp; PARTNERS	SHALIK VISUAL / KLIENCI I PARTNERZY
BUILT ON TRUST.	OPARTE NA ZAUFANIU.
CREATED TOGETHER.	TWORZONE WSPÓLNIE.
Behind every production is a relationship. Meet the clients who trust us with their stories and the business communities we are part of.	Za każdą produkcją stoją relacje. Poznaj klientów, którzy powierzają nam swoje historie, oraz społeczności biznesowe, do których należymy.
Discuss your project ↗	Porozmawiajmy o projekcie ↗
Our business network ↓	Nasza sieć biznesowa ↓
They trusted us.	Zaufali nam.
We brought their ideas to life.	Ich pomysły nabrały kształtu.
From artists and podcast creators to event organisers and businesses, these are the clients we have worked with.	Artyści, twórcy podcastów, organizatorzy wydarzeń i firmy — oto klienci, z którymi mieliśmy okazję pracować.
MUSIC VIDEO / FOBOS	TELEDYSK / FOBOS
A debut with an impact.	Debiut, który przyciąga uwagę.
Three shooting days, four locations and a debut music video for the duo Fobos. Balerina reached more than 20,000 views in its first two months.	Trzy dni zdjęciowe, cztery lokalizacje i debiutancki teledysk duetu Fobos. Balerina zdobyła ponad 20 000 wyświetleń w ciągu pierwszych dwóch miesięcy.
Explore the Fobos project ↗	Zobacz projekt Fobos ↗
EVENT FILM / COBIN ANGELS	FILM EVENTOWY / COBIN ANGELS
The whole evening. One story.	Cały wieczór. Jedna historia.
From the first arrivals to the final moments of Business Angel of the Year, we captured the event and delivered the finished film within 14 days.	Od przybycia pierwszych gości po ostatnie chwile Business Angel of the Year — uwieczniliśmy wydarzenie i dostarczyliśmy gotowy film w ciągu 14 dni.
Explore the Cobin Angels project ↗	Zobacz projekt Cobin Angels ↗
POST-PRODUCTION / WHAI	POSTPRODUKCJA / WHAI
Long conversations, carefully shaped.	Długie rozmowy, dopracowana forma.
A two-hour podcast episode shaped through editing, animation and a promotional trailer, with post-production completed in seven days.	Dwugodzinny odcinek podcastu, dopracowany montaż, animacje i zwiastun promocyjny. Postprodukcję zrealizowaliśmy w siedem dni.
Explore the WHAI project ↗	Zobacz projekt WHAI ↗
PARTNERS &amp; BUSINESS COMMUNITIES	PARTNERZY I SPOŁECZNOŚCI BIZNESOWE
Our network.	Nasza sieć kontaktów.
More possibilities.	Więcej możliwości.
We are members of the PKB and BNI business clubs. Our involvement creates space to exchange experience, build professional relationships and explore new collaborations.	Należymy do klubów biznesowych PKB i BNI. Nasze zaangażowanie daje przestrzeń do wymiany doświadczeń, budowania relacji zawodowych i odkrywania nowych możliwości współpracy.
BUSINESS CLUB MEMBERSHIP	CZŁONKOSTWO W KLUBIE BIZNESOWYM
Shalik Visual is a member of this business community.	Shalik Visual należy do tej społeczności biznesowej.
LET’S CREATE TOGETHER	TWÓRZMY RAZEM
Your next project	Twój kolejny projekt
starts with a conversation.	zaczyna się od rozmowy.
Tell us what you want to create, who you want to reach and when you need it. Looking to collaborate as an agency or creative specialist? We would love to hear from you too.	Opowiedz nam, co chcesz stworzyć, do kogo dotrzeć i w jakim terminie. Reprezentujesz agencję lub działasz w branży kreatywnej? Porozmawiajmy również o wspólnej realizacji projektów.
Explore a partnership ↗	Porozmawiajmy o współpracy ↗
▶ Resume client animation	▶ Wznów animację klientów
Ⅱ Pause client animation	Ⅱ Zatrzymaj animację klientów
Shalik Studio — Vintage photo & film studio in Kraków	Shalik Studio — Studio fotograficzne i filmowe vintage w Krakowie
Explore Shalik Studio at Rękawka 10/2 in Kraków: a 25 m² vintage shooting room, lighting, audio, costumes and props. Enquire about your session.	Poznaj Shalik Studio przy Rękawka 10/2 w Krakowie: sala zdjęciowa vintage 25 m², oświetlenie, audio, kostiumy i rekwizyty. Zapytaj o sesję.
Talent	Talenty
FACES &amp; TALENT	BAZA TWARZY I TALENTÓW
130+ people.	130+ osób.
Your next cast.	Twoja kolejna obsada.
Actors, singers, dancers, voice actors and extras. Tell us who your production needs—we’ll help you find suitable people.	Aktorzy, wokaliści, tancerze, lektorzy i statyści. Powiedz, kogo potrzebuje Twoja produkcja — pomożemy znaleźć odpowiednie osoby.
Find talent ↗	Znajdź talent ↗
Join our database ↗	Dołącz do bazy ↗
Faces & Talent — Shalik Visual	Baza twarzy i talentów — Shalik Visual
Discover our database of 130+ actors, singers, dancers, voice actors and extras. Send a casting brief or enquire about joining.	Poznaj bazę ponad 130 aktorów, wokalistów, tancerzy, lektorów i statystów. Prześlij brief castingowy lub zapytaj o dołączenie.
Talents	Talenty
SELECTED WORK / COMING SOON	WYBRANE REALIZACJE / WKRÓTCE
06 / Next project	06 / Kolejny projekt
07 / Next project	07 / Kolejny projekt
COMING SOON	WKRÓTCE
Selected work 06	Wybrana realizacja 06
06 / Selected work	06 / Wybrana realizacja
Gabriele Giglio — Showreel	Gabriele Giglio — Showreel
Creative possibilities. Technical expertise.	Kreatywne możliwości. Techniczna precyzja.
The skills behind the possibilities.	Umiejętności, które otwierają możliwości.
Discover the work of Gabriele Giglio, our team member and 3D digital designer. His showreel offers a look at his creative range and technical skills, highlighting the expertise he brings to Shalik Visual and the possibilities we can explore for your production.	Poznaj twórczość Gabriele Giglio, członka naszego zespołu i projektanta 3D. Jego showreel prezentuje kreatywność oraz umiejętności techniczne, które wnosi do Shalik Visual, i pokazuje możliwości, jakie możemy wykorzystać przy Twojej produkcji.
From 3D modelling and animation to immersive VR, AR and XR experiences, Gabriele’s practice expands what our team can offer beyond the edit. Tell us your idea, and we’ll discuss the right approach for your project.	Od modelowania 3D i animacji po immersyjne doświadczenia VR, AR i XR — umiejętności Gabriele poszerzają ofertę naszego zespołu poza sam montaż. Opowiedz nam o swoim pomyśle, a wspólnie dobierzemy rozwiązania do projektu.
Meet Gabriele and the team ↗	Poznaj Gabriele i nasz zespół ↗
VFX &amp; 3D Design Solution	Rozwiązania VFX i projektowanie 3D
Selected work 07	Wybrana realizacja 07
07 / Selected work	07 / Wybrana realizacja
Music video case studies	Teledyski — case studies
A NEW ARTIST. A FIRST RELEASE.	NOWA ARTYSTKA. PIERWSZY TELEDYSK.
Olenka - Chizhi	Olenka - Chizhi
A tight schedule. A debut brought to life.	Napięty harmonogram. Debiut, który nabrał kształtu.
Two days to prepare. Three hours to make it happen.	Dwa dni przygotowań. Trzy godziny na realizację.
Young artist Olenka came to Shalik Visual through a recommendation, trusting us with her debut music video. Her planned shoot was just two days away, with only three hours available to film every scene and one week to complete the edit.	Młoda artystka Olenka trafiła do Shalik Visual z polecenia, powierzając nam realizację swojego debiutanckiego teledysku. Do zaplanowanych zdjęć zostały zaledwie dwa dni. Na nakręcenie wszystkich scen mieliśmy trzy godziny, a na montaż — tydzień.
That schedule called for a focused approach: making the most of the time on set while keeping the finished video in mind. We captured every scene within the three-hour window, then brought the footage together into a complete music video during the following week.	Taki harmonogram wymagał skupienia: maksymalnego wykorzystania czasu na planie i myślenia o finalnym teledysku już podczas zdjęć. Wszystkie sceny zrealizowaliśmy w trzy godziny, a w ciągu kolejnego tygodnia zmontowaliśmy materiał w gotowy teledysk.
The result was a finished debut delivered within the agreed timeframe and a happy client. For an artist preparing a first release, having a production team that can work within clear constraints helps turn a fast-moving plan into a finished film.	Efekt to debiutancki teledysk oddany w ustalonym terminie i zadowolona klientka. Dla artysty przygotowującego pierwszą premierę współpraca z ekipą, która potrafi działać przy ograniczonym czasie, pomaga przejść od pilnego planu do gotowego filmu.
Preparation window	Czas na przygotowanie
2 days	2 dni
Time on set	Czas na planie
3 hours	3 godziny
1 week	1 tydzień
Let’s plan your music video ↗	Zaplanujmy Twój teledysk ↗
06 / YSL	06 / YSL
YSL	YSL
07 / Biuro Rzeczy Znalezionych Kominikacji Miejskiej m. Dolne Popierdułki	07 / Biuro Rzeczy Znalezionych Kominikacji Miejskiej m. Dolne Popierdułki
Biuro Rzeczy Znalezionych Kominikacji Miejskiej m. Dolne Popierdułki	Biuro Rzeczy Znalezionych Kominikacji Miejskiej m. Dolne Popierdułki
